{
  "rf": 3.002773908668166,
  "xgb": 3.069537839363322,
  "lgb": 3.036999724183966
}